﻿Row,Line,n_Act,Talker,Dialogue
0,0,0,Dr.Joe,이 로봇들에게 납치당한지 얼마나 시간이 지났을까요?
1,1,0,Dr.Joe,이 연구실은 무엇을 연구하는지는 모르겠지만\n그냥 두고 갈 수 없습니다.
2,2,0,Dr.Joe,로봇들이 당신에게 개조 실험을 한 것을 후회하게 만들어줍시다.
3,3,0,Dr.Joe,로봇들이 대가를 치르게 만듭시다.\n그리고 우주선을 뺏어서 지구로 돌아갑시다.
4,4,0,Dr.Joe,저는 여기 숨어서 당신에게 정보를 알려주겠습니다. 
5,5,0,Dr.Joe,당신은 이 곳을 벗어나는 순간부터\n배터리의 용량과 수명이 줄어들 겁니다.
6,6,0,Dr.Joe,남은 수명과 용량은 제가 알려드리겠습니다. 
7,7,0,Dr.Joe,탈출하기 전에 연구실을 정찰할 필요가 있는 것 같습니다.
8,8,0,Dr.Joe,이 구역을 한번 정찰해주세요.
9,9,0,Dr.Joe,통신 준비는 끝났습니다.\n여기서 탈출합시다.
