﻿Row,Line,n_Act,Talker,Dialogue
0,0,0,Dr.Joe,このロボットに拉致されてから\nどれくらい時間が経ったんでしょうか。
1,1,0,Dr.Joe,この研究室は何を研究しているのかわかりませんが、\n放っておくわけにはいきません。
2,2,0,Dr.Joe,ロボットがあなたに改造実験をしたことを後悔させて\nあげましょう。
3,3,0,Dr.Joe,ロボットを後悔させてください。\nそして宇宙船を奪って地球に帰りましょう。
4,4,0,Dr.Joe,私はここに隠れてあなたに情報を知らせてあげます。
5,5,0,Dr.Joe,あなたはここを離れる瞬間から、バッテリーの容量と寿命が縮まるでしょう。
6,6,0,Dr.Joe,残りの寿命と容量は私がお知らせいたします。
7,7,0,Dr.Joe,脱出する前に研究室を偵察する必要があるようです。
8,8,0,Dr.Joe,この区域を一度偵察してください。
9,9,0,Dr.Joe,通信の準備は終わりました。 ここから脱出しましょう。
